,name,read_count,percentage
0,Ruminococcus albus,7946,8.779916465934456
1,Oscillibacter valericigenes,3706,4.0949371284612495
2,Bacteroides vulgatus,2229,2.4629289960442864
3,Gracilibacter thermotolerans,1921,2.1226050253033084
4,Megasphaera indica,1566,1.7303485005856225
5,Barnesiella intestinihominis,1384,1.529247972420499
6,Christensenella massiliensis,1097,1.2121279087754966
7,Oscillibacter ruminantium,660,0.7292656515878102
8,Alistipes putredinis,599,0.6618638262137854
9,Dialister succinatiphilus,583,0.6441846589025657
10,Christensenella minuta,506,0.5591036662173212
11,Parabacteroides distasonis,373,0.41214558794280787
12,Bacteroides caccae,324,0.35800313805219774
13,Akkermansia muciniphila,319,0.3524783982674416
14,Bacteroides uniformis,288,0.31822501160195354
15,Ruminococcus champanellensis,271,0.2994408963337827
16,Caldicoprobacter faecalis,257,0.2839716249364655
17,Megasphaera elsdenii,247,0.2729221453669532
18,Parabacteroides merdae,242,0.26739740558219705
19,Ruminiclostridium cellobioparum,241,0.26629245762524584
20,Anaerotignum lactatifermentans,228,0.25192813418487986
21,Christensenella timonensis,224,0.247508342357075
22,Odoribacter laneus,220,0.2430885505292701
23,Alistipes shahii,219,0.24198360257231885
24,Bacteroides ovatus,199,0.21988464343329428
25,Butyricimonas paravirosa,198,0.21877969547634307
26,Alistipes onderdonkii,191,0.21104505977768448
27,Sutterella wadsworthensis,177,0.1955757883803673
28,Hungateiclostridium aldrichii,171,0.1889461006386599
29,Desulfovibrio desulfuricans,152,0.1679520894565866
30,Alistipes obesi,149,0.16463724558573292
31,Anaerotignum aminivorans,142,0.15690260988707433
32,Hungateiclostridium thermocellum,141,0.1557976619301231
33,Hungateiclostridium straminisolvens,123,0.135908598705001
34,Desulfovibrio vulgaris,114,0.12596406709243993
35,Kineothrix alysoides,111,0.12264922322158626
36,Ruminiclostridium hungatei,104,0.11491458752292767
37,Hungateiclostridium cellulolyticum,104,0.11491458752292767
38,Ruminiclostridium cellulolyticum,103,0.11380963956597644
39,Clostridium oceanicum,103,0.11380963956597644
40,Hungateiclostridium alkalicellulosi,103,0.11380963956597644
41,Alistipes ihumii,96,0.10607500386731784
42,Ruminiclostridium papyrosolvens,93,0.10276015999646418
43,Odoribacter splanchnicus,88,0.09723542021170803
44,Bacteroides stercoris,80,0.08839583655609821
45,Oxobacter pfennigii,72,0.07955625290048839
46,[Clostridium] bolteae,72,0.07955625290048839
47,Roseburia hominis,72,0.07955625290048839
48,Parabacteroides faecis,66,0.07292656515878101
49,Anaerotignum propionicum,65,0.0718216172018298
50,Hungateiclostridium clariflavum,65,0.0718216172018298
51,[Desulfotomaculum] guttoideum,65,0.0718216172018298
52,Anaerostipes hadrus,62,0.06850677333097611
53,Bacteroides cellulosilyticus,60,0.06629687741707366
54,Thermoclostridium stercorarium,55,0.06077213763231752
55,Clostridium chartatabidum,54,0.059667189675366286
56,Ruminiclostridium sufflavum,53,0.058562241718415065
57,Alistipes finegoldii,51,0.05635234580451261
58,Bacteroides plebeius,49,0.05414244989061015
59,Spiroplasma velocicrescens,48,0.05303750193365892
60,Faecalicatena fissicatena,47,0.0519325539767077
61,Butyricimonas virosa,46,0.05082760601975647
62,Clostridium tepidum,45,0.049722658062805236
63,Bacteroides massiliensis,44,0.048617710105854015
64,Mycoplasma mycoides,44,0.048617710105854015
65,Spiroplasma chinense,43,0.047512762148902786
66,Blautia obeum,41,0.04530286623500033
67,Desulfovibrio piger,41,0.04530286623500033
68,Bacteroides thetaiotaomicron,40,0.04419791827804911
69,Spiroplasma apis,40,0.04419791827804911
70,Clostridium lundense,38,0.04198802236414665
71,[Clostridium] amygdalinum,36,0.03977812645024419
72,Hungateiclostridium saccincola,35,0.038673178493292965
73,Alistipes senegalensis,35,0.038673178493292965
74,Lachnoclostridium pacaense,34,0.03756823053634174
75,Desulfovibrio oxamicus,33,0.03646328257939051
76,Spiroplasma culicicola,33,0.03646328257939051
77,Sutterella massiliensis,33,0.03646328257939051
78,Dialister invisus,33,0.03646328257939051
79,Faecalicatena orotica,33,0.03646328257939051
80,Ruminococcus callidus,32,0.035358334622439286
81,[Clostridium] indolis,31,0.03425338666548806
82,Dethiosulfovibrio russensis,30,0.03314843870853683
83,Clostridium tarantellae,29,0.0320434907515856
84,Bacteroides intestinalis,28,0.030938542794634375
85,[Clostridium] saccharolyticum,27,0.029833594837683143
86,Bacteroides eggerthii,27,0.029833594837683143
87,Prevotella bivia,27,0.029833594837683143
88,Megamonas rupellensis,26,0.028728646880731918
89,Parvimonas micra,25,0.027623698923780693
90,Desulfovibrio simplex,25,0.027623698923780693
91,Clostridium frigidicarnis,24,0.02651875096682946
92,Escherichia fergusonii,24,0.02651875096682946
93,Caldicoprobacter algeriensis,24,0.02651875096682946
94,Sporomusa aerivorans,23,0.025413803009878236
95,Clostridium tertium,22,0.024308855052927007
96,Aminiphilus circumscriptus,22,0.024308855052927007
97,Blautia hominis,22,0.024308855052927007
98,Clostridium sartagoforme,22,0.024308855052927007
99,[Clostridium] clostridioforme,21,0.02320390709597578
100,Mycoplasma cottewii,21,0.02320390709597578
101,Propionispora hippei,21,0.02320390709597578
102,Sutterella stercoricanis,21,0.02320390709597578
103,Clostridium vulturis,21,0.02320390709597578
104,Propionispora vibrioides,21,0.02320390709597578
105,Roseburia intestinalis,20,0.022098959139024554
106,Eubacterium ventriosum,20,0.022098959139024554
107,Acetanaerobacterium elongatum,19,0.020994011182073325
108,Bacteroides dorei,19,0.020994011182073325
109,Blautia luti,19,0.020994011182073325
110,Paraprevotella clara,18,0.019889063225122097
111,Blautia coccoides,18,0.019889063225122097
112,Blautia producta,18,0.019889063225122097
113,Roseburia faecis,18,0.019889063225122097
114,Olsenella scatoligenes,18,0.019889063225122097
115,Ruminococcus flavefaciens,17,0.01878411526817087
116,Clostridium oryzae,17,0.01878411526817087
117,Butyricimonas faecihominis,16,0.017679167311219643
118,Cerasicoccus frondis,16,0.017679167311219643
119,Clostridium novyi,15,0.016574219354268414
120,Blautia wexlerae,15,0.016574219354268414
121,Dialister propionicifaciens,15,0.016574219354268414
122,Blautia stercoris,15,0.016574219354268414
123,Clostridium guangxiense,15,0.016574219354268414
124,Acidaminococcus fermentans,15,0.016574219354268414
125,Faecalicatena contorta,14,0.015469271397317188
126,Desulfosporosinus orientis,14,0.015469271397317188
127,Clostridium pascui,14,0.015469271397317188
128,Klebsiella pneumoniae,14,0.015469271397317188
129,Mycoplasma capricolum,13,0.014364323440365959
130,Megamonas funiformis,13,0.014364323440365959
131,Clostridium tepidiprofundi,13,0.014364323440365959
132,Streptococcus salivarius,12,0.01325937548341473
133,[Ruminococcus] gnavus,12,0.01325937548341473
134,Caldicoprobacter guelmensis,12,0.01325937548341473
135,Clostridium arbusti,12,0.01325937548341473
136,Blautia glucerasea,12,0.01325937548341473
137,Collinsella aerofaciens,12,0.01325937548341473
138,[Clostridium] lavalense,12,0.01325937548341473
139,Desulfosporosinus auripigmenti,12,0.01325937548341473
140,Roseburia inulinivorans,12,0.01325937548341473
141,Ethanoligenens harbinense,11,0.012154427526463504
142,[Clostridium] algidixylanolyticum,11,0.012154427526463504
143,[Clostridium] paradoxum,11,0.012154427526463504
144,[Clostridium] celerecrescens,11,0.012154427526463504
145,Clostridium algifaecis,11,0.012154427526463504
146,Bacteroides coprocola,11,0.012154427526463504
147,Megasphaera paucivorans,11,0.012154427526463504
148,Bacteroides rodentium,10,0.011049479569512277
149,[Clostridium] xylanolyticum,10,0.011049479569512277
150,Clostridium cadaveris,10,0.011049479569512277
151,Clostridium pasteurianum,10,0.011049479569512277
152,Peptococcus niger,10,0.011049479569512277
153,Mycoplasma yeatsii,10,0.011049479569512277
154,Clostridium ljungdahlii,10,0.011049479569512277
155,Ruminococcus bromii,10,0.011049479569512277
156,Sporomusa malonica,9,0.009944531612561048
157,Blautia faecis,9,0.009944531612561048
158,Cerasicoccus maritimus,9,0.009944531612561048
159,Brevibacillus panacihumi,9,0.009944531612561048
160,[Clostridium] aerotolerans,9,0.009944531612561048
161,Parabacteroides gordonii,9,0.009944531612561048
162,Desulfotomaculum reducens,9,0.009944531612561048
163,Desulfallas gibsoniae,9,0.009944531612561048
164,Clostridium beijerinckii,9,0.009944531612561048
165,Bacteroides xylanisolvens,9,0.009944531612561048
166,Clostridium bowmanii,8,0.008839583655609821
167,Prevotella copri,8,0.008839583655609821
168,Desulfovibrio intestinalis,8,0.008839583655609821
169,Desulfotomaculum nigrificans,8,0.008839583655609821
170,Clostridium akagii,8,0.008839583655609821
171,Clostridium saccharobutylicum,7,0.007734635698658594
172,Campylobacter ureolyticus,7,0.007734635698658594
173,Alistipes timonensis,7,0.007734635698658594
174,[Clostridium] citroniae,7,0.007734635698658594
175,Barnesiella viscericola,7,0.007734635698658594
176,Clostridium estertheticum,7,0.007734635698658594
177,Clostridium acetireducens,7,0.007734635698658594
178,Bacteroides clarus,7,0.007734635698658594
179,Heliobacterium undosum,6,0.006629687741707365
180,Moorella thermoacetica,6,0.006629687741707365
181,[Clostridium] asparagiforme,6,0.006629687741707365
182,Desulfotomaculum hydrothermale,6,0.006629687741707365
183,[Clostridium] sphenoides,6,0.006629687741707365
184,Dialister micraerophilus,6,0.006629687741707365
185,Blautia hydrogenotrophica,6,0.006629687741707365
186,Megasphaera massiliensis,6,0.006629687741707365
187,Geobacter luticola,6,0.006629687741707365
188,Pelotomaculum thermopropionicum,6,0.006629687741707365
189,Blautia schinkii,6,0.006629687741707365
190,Escherichia marmotae,6,0.006629687741707365
191,Desulfitobacterium hafniense,6,0.006629687741707365
192,Ruminiclostridium josui,6,0.006629687741707365
193,Caldicoprobacter oshimai,6,0.006629687741707365
194,Brevibacillus parabrevis,6,0.006629687741707365
195,Clostridium botulinum,6,0.006629687741707365
196,Clostridium gasigenes,6,0.006629687741707365
197,Spiroplasma tabanidicola,6,0.006629687741707365
198,Parabacteroides goldsteinii,5,0.005524739784756138
199,Brevibacillus centrosporus,5,0.005524739784756138
200,Clostridium luticellarii,5,0.005524739784756138
201,Acholeplasma vituli,5,0.005524739784756138
202,Mycoplasma putrefaciens,5,0.005524739784756138
203,Acholeplasma axanthum,5,0.005524739784756138
204,Brevibacillus limnophilus,5,0.005524739784756138
205,Butyricicoccus pullicaecorum,5,0.005524739784756138
206,Romboutsia timonensis,5,0.005524739784756138
207,Clostridium colicanis,5,0.005524739784756138
208,Parabacteroides johnsonii,5,0.005524739784756138
209,Clostridium drakei,5,0.005524739784756138
210,Clostridium septicum,5,0.005524739784756138
211,Pectobacterium polaris,5,0.005524739784756138
212,Sporomusa acidovorans,5,0.005524739784756138
213,Bacteroides faecis,5,0.005524739784756138
214,Spiroplasma lampyridicola,5,0.005524739784756138
215,Desulfosporosinus burensis,5,0.005524739784756138
216,Veillonella criceti,5,0.005524739784756138
217,Clostridium chauvoei,5,0.005524739784756138
218,[Clostridium] symbiosum,5,0.005524739784756138
219,Desulfallas alcoholivorax,4,0.004419791827804911
220,Bacteroides fragilis,4,0.004419791827804911
221,Caldilinea tarbellica,4,0.004419791827804911
222,Clostridium combesii,4,0.004419791827804911
223,Clostridium liquoris,4,0.004419791827804911
224,Spiroplasma diminutum,4,0.004419791827804911
225,Clostridium diolis,4,0.004419791827804911
226,Blautia hansenii,4,0.004419791827804911
227,Sporomusa sphaeroides,4,0.004419791827804911
228,Citrobacter koseri,4,0.004419791827804911
229,Clostridium butyricum,4,0.004419791827804911
230,Desulfovibrio legallii,4,0.004419791827804911
231,Clostridium acidisoli,4,0.004419791827804911
232,Cupriavidus necator,4,0.004419791827804911
233,Bacteroides finegoldii,4,0.004419791827804911
234,Candidatus Flaviluna lacus,4,0.004419791827804911
235,Bacteroides nordii,4,0.004419791827804911
236,Noviherbaspirillum agri,4,0.004419791827804911
237,Clostridium tetanomorphum,4,0.004419791827804911
238,Prevotella buccalis,4,0.004419791827804911
239,Shigella sonnei,4,0.004419791827804911
240,Propionispira raffinosivorans,4,0.004419791827804911
241,Propionispira paucivorans,4,0.004419791827804911
242,Clostridium paraputrificum,4,0.004419791827804911
243,Eggerthella lenta,3,0.0033148438708536826
244,Prevotella stercorea,3,0.0033148438708536826
245,Herbaspirillum seropedicae,3,0.0033148438708536826
246,Clostridium thermobutyricum,3,0.0033148438708536826
247,Megasphaera sueciensis,3,0.0033148438708536826
248,[Clostridium] spiroforme,3,0.0033148438708536826
249,Desulfosporosinus lacus,3,0.0033148438708536826
250,Mogibacterium neglectum,3,0.0033148438708536826
251,Bacteroides faecichinchillae,3,0.0033148438708536826
252,Faecalibacterium prausnitzii,3,0.0033148438708536826
253,Shigella flexneri,3,0.0033148438708536826
254,Eubacterium callanderi,3,0.0033148438708536826
255,Shigella dysenteriae,3,0.0033148438708536826
256,Clostridium sporogenes,3,0.0033148438708536826
257,Escherichia albertii,3,0.0033148438708536826
258,Escherichia coli,3,0.0033148438708536826
259,Magnetospirillum gryphiswaldense,3,0.0033148438708536826
260,Paenibacillus selenii,3,0.0033148438708536826
261,Sporomusa silvacetica,3,0.0033148438708536826
262,Peptococcus simiae,3,0.0033148438708536826
263,Ancylothrix terrestris,3,0.0033148438708536826
264,Enterobacter cloacae,3,0.0033148438708536826
265,Megamonas hypermegale,3,0.0033148438708536826
266,Lactobacillus bombicola,3,0.0033148438708536826
267,Desulfovibrio vietnamensis,3,0.0033148438708536826
268,Sutterella parvirubra,3,0.0033148438708536826
269,Thermoclostridium caenicola,3,0.0033148438708536826
270,Desulfitobacterium chlororespirans,3,0.0033148438708536826
271,Alistipes indistinctus,3,0.0033148438708536826
272,Clostridium perfringens,3,0.0033148438708536826
273,Paenibacillus turicensis,3,0.0033148438708536826
274,Clostridium cylindrosporum,3,0.0033148438708536826
275,Paenibacillus polymyxa,3,0.0033148438708536826
276,Clostridium subterminale,3,0.0033148438708536826
277,Spiroplasma mirum,3,0.0033148438708536826
278,Desulfallas thermosapovorans,3,0.0033148438708536826
279,Lactococcus lactis,3,0.0033148438708536826
280,Desulfovibrio alaskensis,3,0.0033148438708536826
281,Spiroplasma chrysopicola,3,0.0033148438708536826
282,Desulfotomaculum ruminis,3,0.0033148438708536826
283,Spiroplasma montanense,3,0.0033148438708536826
284,Lactobacillus hamsteri,2,0.0022098959139024554
285,Shigella boydii,2,0.0022098959139024554
286,Paenibacillus mucilaginosus,2,0.0022098959139024554
287,Pontibacillus litoralis,2,0.0022098959139024554
288,Ralstonia solanacearum,2,0.0022098959139024554
289,[Desulfotomaculum] salinum,2,0.0022098959139024554
290,Bacteroides fluxus,2,0.0022098959139024554
291,Lactococcus fujiensis,2,0.0022098959139024554
292,Thermoanaerobacterium thermostercoris,2,0.0022098959139024554
293,Anaerostipes butyraticus,2,0.0022098959139024554
294,Spiroplasma eriocheiris,2,0.0022098959139024554
295,Geobacter pelophilus,2,0.0022098959139024554
296,Clostridium homopropionicum,2,0.0022098959139024554
297,Paenibacillus macerans,2,0.0022098959139024554
298,Lachnoanaerobaculum saburreum,2,0.0022098959139024554
299,Clostridium hydrogeniformans,2,0.0022098959139024554
300,Paenibacillus sabinae,2,0.0022098959139024554
301,Anaerotignum neopropionicum,2,0.0022098959139024554
302,Clostridium disporicum,2,0.0022098959139024554
303,Desulfitobacterium dehalogenans,2,0.0022098959139024554
304,[Clostridium] herbivorans,2,0.0022098959139024554
305,Chlamydia abortus,2,0.0022098959139024554
306,Dorea formicigenerans,2,0.0022098959139024554
307,Clostridium moniliforme,2,0.0022098959139024554
308,Coraliomargarita akajimensis,2,0.0022098959139024554
309,Clostridium maximum,2,0.0022098959139024554
310,Bacteroides acidifaciens,2,0.0022098959139024554
311,Massilia tieshanensis,2,0.0022098959139024554
312,Peptoniphilus coxii,2,0.0022098959139024554
313,Paenibacillus sputi,2,0.0022098959139024554
314,Mogibacterium pumilum,2,0.0022098959139024554
315,Desulfosporosinus youngiae,2,0.0022098959139024554
316,Eubacterium ruminantium,2,0.0022098959139024554
317,Magnetospirillum bellicus,2,0.0022098959139024554
318,[Ruminococcus] torques,2,0.0022098959139024554
319,Enterorhabdus caecimuris,2,0.0022098959139024554
320,Allohahella antarctica,2,0.0022098959139024554
321,Enterococcus dispar,2,0.0022098959139024554
322,Clostridium saccharoperbutylacetonicum,2,0.0022098959139024554
323,Sporobacter termitidis,2,0.0022098959139024554
324,Cupriavidus pampae,2,0.0022098959139024554
325,Brevibacillus borstelensis,2,0.0022098959139024554
326,Clostridium grantii,2,0.0022098959139024554
327,Clostridium peptidivorans,2,0.0022098959139024554
328,Paenibacillus anaericanus,2,0.0022098959139024554
329,Paenibacillus salinicaeni,2,0.0022098959139024554
330,Hathewaya histolytica,2,0.0022098959139024554
331,Lactobacillus colini,2,0.0022098959139024554
332,Enterobacter hormaechei,2,0.0022098959139024554
333,Lacunisphaera limnophila,2,0.0022098959139024554
334,Lactobacillus helveticus,2,0.0022098959139024554
335,Acholeplasma morum,2,0.0022098959139024554
336,Kosakonia sacchari,2,0.0022098959139024554
337,Spiroplasma turonicum,2,0.0022098959139024554
338,Paenibacillus oryzae,2,0.0022098959139024554
339,Lactobacillus gigeriorum,2,0.0022098959139024554
340,Desulfosporosinus fructosivorans,2,0.0022098959139024554
341,Lactobacillus mellis,2,0.0022098959139024554
342,Spiroplasma floricola,2,0.0022098959139024554
343,Clostridium swellfunianum,2,0.0022098959139024554
344,Ruthenibacterium lactatiformans,2,0.0022098959139024554
345,Clostridium algoriphilum,2,0.0022098959139024554
346,Clostridium ventriculi,2,0.0022098959139024554
347,Clostridium malenominatum,2,0.0022098959139024554
348,Dethiosulfovibrio acidaminovorans,2,0.0022098959139024554
349,Leptolinea tardivitalis,2,0.0022098959139024554
350,Clostridium kluyveri,2,0.0022098959139024554
351,Caldilinea aerophila,2,0.0022098959139024554
352,Streptococcus pasteurianus,2,0.0022098959139024554
353,Bacteroides koreensis,2,0.0022098959139024554
354,Enorma massiliensis,2,0.0022098959139024554
355,Clostridium saudiense,2,0.0022098959139024554
356,Clostridium neuense,2,0.0022098959139024554
357,Exiguobacterium undae,2,0.0022098959139024554
358,[Clostridium] scindens,2,0.0022098959139024554
359,Solobacterium moorei,2,0.0022098959139024554
360,Spiroplasma clarkii,2,0.0022098959139024554
361,Clostridium argentinense,2,0.0022098959139024554
362,Cellulosilyticum lentocellum,2,0.0022098959139024554
363,Spiroplasma diabroticae,2,0.0022098959139024554
364,Pelosinus defluvii,2,0.0022098959139024554
365,Veillonella ratti,2,0.0022098959139024554
366,Clostridium thermopalmarium,2,0.0022098959139024554
367,Bacteroides salyersiae,2,0.0022098959139024554
368,Clostridium collagenovorans,2,0.0022098959139024554
369,Paenibacillus ripae,2,0.0022098959139024554
370,Noviherbaspirillum canariense,2,0.0022098959139024554
371,Clostridium frigoris,2,0.0022098959139024554
372,Streptomyces burgazadensis,2,0.0022098959139024554
373,Paenibacillus nebraskensis,2,0.0022098959139024554
374,Spiroplasma corruscae,2,0.0022098959139024554
375,Lactobacillus curtus,2,0.0022098959139024554
376,Leptospira wolbachii,2,0.0022098959139024554
377,Paenibacillus residui,1,0.0011049479569512277
378,Streptomyces stelliscabiei,1,0.0011049479569512277
379,Paenibacillus medicaginis,1,0.0011049479569512277
380,Desulfovibrio sulfodismutans,1,0.0011049479569512277
381,Vagococcus penaei,1,0.0011049479569512277
382,Trichococcus ilyis,1,0.0011049479569512277
383,Clostridium acetobutylicum,1,0.0011049479569512277
384,Acetoanaerobium pronyense,1,0.0011049479569512277
385,Devosia enhydra,1,0.0011049479569512277
386,Lachnoclostridium phytofermentans,1,0.0011049479569512277
387,Bacteroides timonensis,1,0.0011049479569512277
388,Clostridium cellulovorans,1,0.0011049479569512277
389,Clostridium baratii,1,0.0011049479569512277
390,Clostridium thiosulfatireducens,1,0.0011049479569512277
391,Bacteroides oleiciplenus,1,0.0011049479569512277
392,Faecalibaculum rodentium,1,0.0011049479569512277
393,Brevibacillus choshinensis,1,0.0011049479569512277
394,Peptoniphilus lacydonensis,1,0.0011049479569512277
395,Lactococcus nasutitermitis,1,0.0011049479569512277
396,Paenibacillus bovis,1,0.0011049479569512277
397,Dethiosulfovibrio salsuginis,1,0.0011049479569512277
398,Weissella halotolerans,1,0.0011049479569512277
399,Shimwellia blattae,1,0.0011049479569512277
400,Lactobacillus aviarius,1,0.0011049479569512277
401,Lactobacillus animalis,1,0.0011049479569512277
402,Desulfosporosinus hippei,1,0.0011049479569512277
403,Stenotrophobacter roseus,1,0.0011049479569512277
404,Lactobacillus reuteri,1,0.0011049479569512277
405,Lactobacillus paracasei,1,0.0011049479569512277
406,Desulfofarcimen acetoxidans,1,0.0011049479569512277
407,Xylanibacillus composti,1,0.0011049479569512277
408,Lysinibacillus xylanilyticus,1,0.0011049479569512277
409,Jeotgalicoccus halotolerans,1,0.0011049479569512277
410,Sporosarcina ureae,1,0.0011049479569512277
411,Paenibacillus glucanolyticus,1,0.0011049479569512277
412,Citrobacter murliniae,1,0.0011049479569512277
413,Sanguibacter inulinus,1,0.0011049479569512277
414,Terrisporobacter mayombei,1,0.0011049479569512277
415,Hathewaya limosa,1,0.0011049479569512277
416,[Clostridium] aminophilum,1,0.0011049479569512277
417,Erysipelothrix larvae,1,0.0011049479569512277
418,Paeniclostridium sordellii,1,0.0011049479569512277
419,Paenibacillus senegalensis,1,0.0011049479569512277
420,Exiguobacterium profundum,1,0.0011049479569512277
421,Desulfonatronovibrio halophilus,1,0.0011049479569512277
422,Heliobacterium sulfidophilum,1,0.0011049479569512277
423,Heliorestis baculata,1,0.0011049479569512277
424,Herbaspirillum huttiense,1,0.0011049479569512277
425,Desulfohalotomaculum tongense,1,0.0011049479569512277
426,Bacteroides stercorirosoris,1,0.0011049479569512277
427,Lysinibacillus chungkukjangi,1,0.0011049479569512277
428,Alkalispirochaeta sphaeroplastigenens,1,0.0011049479569512277
429,Algivirga pacifica,1,0.0011049479569512277
430,Desulfovibrio gigas,1,0.0011049479569512277
431,Clostridium kogasensis,1,0.0011049479569512277
432,Paenibacillus frigoriresistens,1,0.0011049479569512277
433,Dorea longicatena,1,0.0011049479569512277
434,Desulfotomaculum varum,1,0.0011049479569512277
435,Streptococcus australis,1,0.0011049479569512277
436,Lactobacillus porcinae,1,0.0011049479569512277
437,Clostridium amylolyticum,1,0.0011049479569512277
438,Caldanaerobacter subterraneus,1,0.0011049479569512277
439,Conexibacter arvalis,1,0.0011049479569512277
440,Sedimentibacter acidaminivorans,1,0.0011049479569512277
441,Porticoccus hydrocarbonoclasticus,1,0.0011049479569512277
442,Noviherbaspirillum aurantiacum,1,0.0011049479569512277
443,Natranaerobaculum magadiense,1,0.0011049479569512277
444,Lactobacillus saniviri,1,0.0011049479569512277
445,Bacillus fumarioli,1,0.0011049479569512277
446,Flavobacterium psychrophilum,1,0.0011049479569512277
447,Bacillus timonensis,1,0.0011049479569512277
448,Selenomonas ruminantium,1,0.0011049479569512277
449,Gulosibacter chungangensis,1,0.0011049479569512277
450,Flavobacterium columnare,1,0.0011049479569512277
451,[Clostridium] fimetarium,1,0.0011049479569512277
452,Syntrophothermus lipocalidus,1,0.0011049479569512277
453,Achromobacter xylosoxidans,1,0.0011049479569512277
454,Paenibacillus jilunlii,1,0.0011049479569512277
455,Fusobacterium varium,1,0.0011049479569512277
456,Klebsiella quasipneumoniae,1,0.0011049479569512277
457,Paenibacillus yonginensis,1,0.0011049479569512277
458,Bacillus fastidiosus,1,0.0011049479569512277
459,Macrococcus bovicus,1,0.0011049479569512277
460,Methylomonas koyamae,1,0.0011049479569512277
461,Thermoanaerobacterium calidifontis,1,0.0011049479569512277
462,Paenibacillus agarexedens,1,0.0011049479569512277
463,Paenibacillus chartarius,1,0.0011049479569512277
464,Olsenella profusa,1,0.0011049479569512277
465,Paenibacillus ehimensis,1,0.0011049479569512277
466,Gemella haemolysans,1,0.0011049479569512277
467,Tissierella creatinophila,1,0.0011049479569512277
468,[Clostridium] methoxybenzovorans,1,0.0011049479569512277
469,Weissella cibaria,1,0.0011049479569512277
470,Microbacter margulisiae,1,0.0011049479569512277
471,Streptococcus anginosus,1,0.0011049479569512277
472,Streptococcus oralis,1,0.0011049479569512277
473,Chlamydia caviae,1,0.0011049479569512277
474,Chlamydia pneumoniae,1,0.0011049479569512277
475,Clostridium autoethanogenum,1,0.0011049479569512277
476,Streptococcus gordonii,1,0.0011049479569512277
477,Clostridium haemolyticum,1,0.0011049479569512277
478,Anaerococcus senegalensis,1,0.0011049479569512277
479,Desulfofarcimen intricatum,1,0.0011049479569512277
480,Pseudoclostridium thermosuccinogenes,1,0.0011049479569512277
481,Propionispira arboris,1,0.0011049479569512277
482,Syntrophococcus sucromutans,1,0.0011049479569512277
483,Tepidibacillus fermentans,1,0.0011049479569512277
484,Undibacterium terreum,1,0.0011049479569512277
485,Alicyclobacillus acidoterrestris,1,0.0011049479569512277
486,Brevibacillus invocatus,1,0.0011049479569512277
487,Azospirillum agricola,1,0.0011049479569512277
488,Lactobacillus ultunensis,1,0.0011049479569512277
489,[Clostridium] aldenense,1,0.0011049479569512277
490,Bacillus fordii,1,0.0011049479569512277
491,Desulfovibrio arcticus,1,0.0011049479569512277
492,Bacillus aurantiacus,1,0.0011049479569512277
493,Thermoanaerobacterium aciditolerans,1,0.0011049479569512277
494,Brevibacillus ginsengisoli,1,0.0011049479569512277
495,Pelosinus fermentans,1,0.0011049479569512277
496,Lactobacillus tucceti,1,0.0011049479569512277
497,Sporomusa termitida,1,0.0011049479569512277
498,Lactobacillus kitasatonis,1,0.0011049479569512277
499,Clostridium celatum,1,0.0011049479569512277
500,Clostridium intestinale,1,0.0011049479569512277
501,Flavobacterium micromati,1,0.0011049479569512277
502,Desulfobacter curvatus,1,0.0011049479569512277
503,Roseomonas aeriglobus,1,0.0011049479569512277
504,Peptoniphilus harei,1,0.0011049479569512277
505,Chryseobacterium pallidum,1,0.0011049479569512277
506,Pelosinus propionicus,1,0.0011049479569512277
507,Prevotella timonensis,1,0.0011049479569512277
508,Bacteroides coprophilus,1,0.0011049479569512277
509,Comamonas aquatica,1,0.0011049479569512277
510,Marinitoga okinawensis,1,0.0011049479569512277
511,Megasphaera cerevisiae,1,0.0011049479569512277
512,Desulfallas geothermicus,1,0.0011049479569512277
513,Caldimonas hydrothermale,1,0.0011049479569512277
514,Natronincola ferrireducens,1,0.0011049479569512277
515,Anaerobacillus alkalilacustris,1,0.0011049479569512277
516,Clostridium chromiireducens,1,0.0011049479569512277
517,Erysipelothrix inopinata,1,0.0011049479569512277
518,Fructobacillus pseudoficulneus,1,0.0011049479569512277
519,Lentisphaera araneosa,1,0.0011049479569512277
520,Sporomusa rhizae,1,0.0011049479569512277
521,Streptococcus pseudopneumoniae,1,0.0011049479569512277
522,Thermosinus carboxydivorans,1,0.0011049479569512277
523,Leptospira meyeri,1,0.0011049479569512277
524,Desulfovibrio longreachensis,1,0.0011049479569512277
525,Staphylococcus caprae,1,0.0011049479569512277
526,Absiella dolichum,1,0.0011049479569512277
527,Massilia albidiflava,1,0.0011049479569512277
528,Caloramator fervidus,1,0.0011049479569512277
529,Lysinibacillus massiliensis,1,0.0011049479569512277
530,Flavonifractor plautii,1,0.0011049479569512277
531,Bacteroides helcogenes,1,0.0011049479569512277
532,Peptoniphilus indolicus,1,0.0011049479569512277
533,Peptoniphilus lacrimalis,1,0.0011049479569512277
534,Fructobacillus durionis,1,0.0011049479569512277
535,Desulfobacula toluolica,1,0.0011049479569512277
536,Bacteroides zoogleoformans,1,0.0011049479569512277
537,Tannerella forsythia,1,0.0011049479569512277
538,Ralstonia syzygii,1,0.0011049479569512277
539,Legionella sainthelensi,1,0.0011049479569512277
540,Nitrospirillum amazonense,1,0.0011049479569512277
541,Streptococcus mitis,1,0.0011049479569512277
542,Desulfallas arcticus,1,0.0011049479569512277
543,[Clostridium] saccharogumia,1,0.0011049479569512277
544,Flavobacterium granuli,1,0.0011049479569512277
545,Bacillus alveayuensis,1,0.0011049479569512277
546,Chlorobaculum parvum,1,0.0011049479569512277
547,Clostridium cavendishii,1,0.0011049479569512277
548,Salegentibacter mishustinae,1,0.0011049479569512277
549,Clostridium schirmacherense,1,0.0011049479569512277
550,Heliophilum fasciatum,1,0.0011049479569512277
551,Heliobacterium modesticaldum,1,0.0011049479569512277
552,Agathobaculum desmolans,1,0.0011049479569512277
553,Spiroplasma leptinotarsae,1,0.0011049479569512277
554,Eubacterium ramulus,1,0.0011049479569512277
555,Mailhella massiliensis,1,0.0011049479569512277
556,Negativibacillus massiliensis,1,0.0011049479569512277
557,Eggerthella timonensis,1,0.0011049479569512277
558,Ihubacter massiliensis,1,0.0011049479569512277
559,Devosia riboflavina,1,0.0011049479569512277
560,Granulicella rosea,1,0.0011049479569512277
561,Desulfosporosinus acididurans,1,0.0011049479569512277
562,Clostridium pabulibutyricum,1,0.0011049479569512277
563,Desulfovibrio magneticus,1,0.0011049479569512277
564,Lacunisphaera anatis,1,0.0011049479569512277
565,Neisseria cinerea,1,0.0011049479569512277
566,Phocea massiliensis,1,0.0011049479569512277
567,Parasutterella excrementihominis,1,0.0011049479569512277
568,Bacteroides mediterraneensis,1,0.0011049479569512277
569,Anaerobranca californiensis,1,0.0011049479569512277
570,Blautia caecimuris,1,0.0011049479569512277
571,Caballeronia pedi,1,0.0011049479569512277
572,Porphyromonas bennonis,1,0.0011049479569512277
573,Aneurinibacillus sediminis,1,0.0011049479569512277
574,Paraburkholderia pallidirosea,1,0.0011049479569512277
575,Desulfovibrio carbinolicus,1,0.0011049479569512277
576,Eubacterium limosum,1,0.0011049479569512277
577,Pontibacillus halophilus,1,0.0011049479569512277
578,Bordetella bronchiseptica,1,0.0011049479569512277
579,Clostridium vincentii,1,0.0011049479569512277
580,Paenibacillus tundrae,1,0.0011049479569512277
581,Paenibacillus xylanexedens,1,0.0011049479569512277
582,Desulfotomaculum aeronauticum,1,0.0011049479569512277
583,Victivallis vadensis,1,0.0011049479569512277
584,Paenibacillus kribbensis,1,0.0011049479569512277
585,Megasphaera micronuciformis,1,0.0011049479569512277
586,Veillonella magna,1,0.0011049479569512277
587,Spiroplasma helicoides,1,0.0011049479569512277
588,Alkaliphilus oremlandii,1,0.0011049479569512277
589,Absiella tortuosum,1,0.0011049479569512277
590,Eubacterium xylanophilum,1,0.0011049479569512277
591,Spiroplasma alleghenense,1,0.0011049479569512277
592,Spiroplasma taiwanense,1,0.0011049479569512277
593,Dialister pneumosintes,1,0.0011049479569512277
594,Azospirillum canadense,1,0.0011049479569512277
595,Spiroplasma monobiae,1,0.0011049479569512277
596,Mycoplasma pulmonis,1,0.0011049479569512277
597,Mycoplasma leachii,1,0.0011049479569512277
598,Anaeroplasma bactoclasticum,1,0.0011049479569512277
599,Cronobacter turicensis,1,0.0011049479569512277
600,Pelagicoccus litoralis,1,0.0011049479569512277
601,Thermolithobacter ferrireducens,1,0.0011049479569512277
602,Veillonella denticariosi,1,0.0011049479569512277
603,Desulfovibrio termitidis,1,0.0011049479569512277
604,Paenibacillus azotifigens,1,0.0011049479569512277
605,Anaerobranca horikoshii,1,0.0011049479569512277
606,Moorella mulderi,1,0.0011049479569512277
607,Alkalibacterium putridalgicola,1,0.0011049479569512277
608,Tissierella praeacuta,1,0.0011049479569512277
609,Tissierella creatinini,1,0.0011049479569512277
610,Nocardioides islandensis,1,0.0011049479569512277
611,Desulfosporosinus nitroreducens,1,0.0011049479569512277
612,Paenibacillus barcinonensis,1,0.0011049479569512277
613,Clostridium merdae,1,0.0011049479569512277
614,Acetobacter senegalensis,1,0.0011049479569512277
615,Lebetimonas natsushimae,1,0.0011049479569512277
616,Acidocella aquatica,1,0.0011049479569512277
617,Sutterella timonensis,1,0.0011049479569512277
618,Clostridium putrefaciens,1,0.0011049479569512277
619,Unclassified,58056,64.1488585887601
